{
    "loss": 4.609009742736816,
    "accuracy": 0.009999999776482582
}